﻿<?xml version="1.0"?>
<bookstore>
  <book genre="drama" publicationdate="5/16/2010 11:30:00 AM" ISBN="1-9876-1234-4">
    <title>The Graduate</title>
    <author>
      <first-name>Dustin</first-name>
      <last-name>Hoffman</last-name>
    </author>
  </book>
  <book genre="comedy" publicationdate="3/1/2012 12:00:00 AM" ISBN="1-3294-7787-1">
    <title>Animal House</title>
    <author>
      <first-name>Tony</first-name>
      <last-name>Farrow</last-name>
    </author>
  </book>
  <book genre="horror" publicationdate="4/11/2010 12:00:00 AM" ISBN="1-3452-8989-0">
    <title>Vipires After Dark</title>
    <author>
      <first-name>Alfred</first-name>
      <last-name>Hitchcock</last-name>
    </author>
  </book>
  <book genre="horror" publicationdate="4/11/2010 12:00:00 AM" ISBN="1-3452-8989-0">
    <title>Vipires After Dark</title>
    <author>
      <first-name>Alfred</first-name>
      <last-name>Hitchcock</last-name>
    </author>
  </book>
  <book genre="Adventure" publicationdate="22-05-2010" ISBN="1-34567-22-0">
    <title>Earthing</title>
    <author>
      <first-name>Clint</first-name>
      <last-name>Ober</last-name>
    </author>
  </book>
  <book genre="Funny" publicationdate="21-03-2009" ISBN="1-12345-11-0">
    <title>Earthing</title>
    <author>
      <first-name>Clint</first-name>
      <last-name>Ober</last-name>
    </author>
  </book>
  <book genre="Funny" publicationdate="21-03-2009" ISBN="1-12345-11-0">
    <title>Earthing</title>
    <author />
    <first-name>Clint</first-name>
    <last-name>Ober</last-name>
  </book>
  <book genre="Policial" publicationdate="20-09-2008" ISBN="1-861003-11-0">
    <title>MarkTwain</title>
    <author />
    <first-name>Jose</first-name>
  </book>
  <book genre="autobiography" publicationdate="1991" ISBN="1-861003-11-0">
    <title> The Autobiography of Benjamin Franklin </title>
    <author>
      <first-name>Benjamin</first-name>
      <last-name>Franklin</last-name>
    </author>
    <price>8.99</price>
  </book>
  <book genre="novel" publicationdate="1967" ISBN="0-201-63361-2">
    <title> The Confidence Man</title>
    <author>
      <first-name>Herman1</first-name>
      <last-name>Melville</last-name>
    </author>
    <price>11.99</price>
  </book>
  <book genre="philosophy" publicationdate="1991" ISBN="1-861001-57-6">
    <title>The Gorgias</title>
    <author>
      <name>Plato</name>
    </author>
    <price>9.99</price>
  </book>
</bookstore>